,Acanthurus_achilles,Acanthurus_bariene,Acanthurus_blochii,Acanthurus_chirurgus,Acanthurus_dussumieri,Acanthurus_guttatus,Acanthurus_japonicus,Acanthurus_leucocheilus,Acanthurus_leucosternon,Acanthurus_lineatus,Acanthurus_mata,Acanthurus_monroviae,Acanthurus_nigricans,Acanthurus_nigricauda,Acanthurus_nigrofuscus,Acanthurus_nubilus,Acanthurus_olivaceus,Acanthurus_pyroferus,Acanthurus_tennentii,Acanthurus_triostegus,Acanthurus_xanthopterus,Ctenochaetus_binotatus,Ctenochaetus_cyanocheilus,Ctenochaetus_flavicauda,Ctenochaetus_hawaiiensis,Ctenochaetus_striatus,Ctenochaetus_strigosus,Ctenochaetus_tominiensis,Ctenochaetus_truncatus,Naso_annulatus,Naso_brachycentron,Naso_brevirostris,Naso_caesius,Naso_fageni,Naso_hexacanthus,Naso_lituratus,Naso_maculatus,Naso_minor,Naso_tonganus,Naso_tuberosus,Naso_unicornis,Naso_vlamingii,Paracanthurus_hepatus,Prionurus_laticlavius,Prionurus_microlepidotus,Zebrasoma_desjardinii,Zebrasoma_flavescens,Zebrasoma_gemmatum,Zebrasoma_scopas,Zebrasoma_veliferum
Acanthurus_achilles,0.000000,1.853829,4.449682,3.001222,1.712347,3.797678,2.787705,4.611614,0.794097,3.072883,3.176858,2.678107,1.148948,3.537082,1.553198,3.350954,3.427218,2.531238,3.096940,4.446636,2.788914,2.775519,2.276518,2.934832,3.113470,4.285217,3.993389,1.257703,3.283356,4.048429,4.904395,4.308521,4.149445,4.433631,3.520913,2.881090,3.692362,3.881962,4.185824,4.214640,3.325753,1.795520,1.164839,1.577844,4.483668,1.937630,3.332964,2.003985,2.490591,2.636251
Acanthurus_bariene,1.853829,0.000000,4.059558,1.853413,0.368522,2.913282,1.699920,3.943745,1.696940,1.985462,1.404349,1.842529,1.784358,2.377637,0.843890,1.540635,2.858069,1.393859,1.344800,3.251601,1.816779,1.388512,2.206860,1.214179,1.644089,2.966333,3.724839,1.222963,2.817347,3.234396,3.650510,3.069770,3.641899,3.078618,3.406799,3.172042,3.589228,3.875602,3.715345,3.480553,2.672623,0.572574,2.023817,2.167818,3.119209,0.791350,2.792127,0.546952,1.657108,1.049443
Acanthurus_blochii,4.449682,4.059558,0.000000,2.394288,3.922382,1.653829,5.682064,1.129082,5.014333,5.905570,3.719894,2.552427,3.370127,2.778103,3.466653,4.477172,1.863485,5.377403,3.776835,2.791123,2.325099,5.210265,2.532028,4.632345,2.932399,2.400813,0.676449,3.730988,1.504084,1.521583,2.442840,2.130442,0.728882,3.269848,1.137184,2.288547,2.040171,1.249263,0.946441,1.484289,1.668279,4.585181,4.135826,2.926082,2.903246,3.514711,1.573478,4.345259,3.908706,4.899399
Acanthurus_chirurgus,3.001222,1.853413,2.394288,0.000000,1.785533,1.161510,3.396915,2.157963,3.261873,3.616222,1.394939,0.935940,2.155975,1.183742,1.606121,2.132481,1.501685,3.105615,1.444468,1.907258,0.309901,2.912262,1.654838,2.284959,0.616949,1.345878,2.188023,2.070173,1.358739,1.471690,1.989733,1.330337,1.948716,1.976604,2.043703,2.400342,2.380734,2.527977,2.072781,1.748041,1.104988,2.384828,2.844091,2.120606,1.725754,1.409213,1.289487,2.135152,2.125260,2.574987
Acanthurus_dussumieri,1.712347,0.368522,3.922382,1.785533,0.000000,2.762555,1.976171,3.806025,1.647358,2.280939,1.576214,1.844094,1.524967,2.210428,0.782935,1.670852,2.818408,1.678976,1.400897,3.103236,1.708573,1.719798,2.120014,1.528127,1.681767,2.994123,3.597653,1.235510,2.711440,3.135526,3.571852,3.023987,3.472737,2.957411,3.247343,3.045538,3.371377,3.718796,3.521122,3.328374,2.481043,0.744966,2.030417,1.959305,3.031908,0.818849,2.585302,0.883787,1.886746,1.341384
Acanthurus_guttatus,3.797678,2.913282,1.653829,1.161510,2.762555,0.000000,4.496521,1.221365,4.177452,4.729406,2.416197,1.824580,2.750816,1.148448,2.589991,3.006557,1.722579,4.211063,2.328688,1.341192,1.186056,4.033169,2.235577,3.382290,1.658591,1.458032,1.717817,3.044622,1.353784,0.938431,1.321060,0.980676,1.023891,1.712485,1.706390,2.572399,1.933786,2.124230,1.076988,0.839472,0.577792,3.430768,3.723298,2.602418,1.390658,2.475079,0.711838,3.257075,3.209045,3.650251
Acanthurus_japonicus,2.787705,1.699920,5.682064,3.396915,1.976171,4.496521,0.000000,5.523445,2.154876,0.346578,2.352650,3.309059,3.273940,3.823789,2.402995,2.027033,4.327034,0.332490,2.399205,4.609981,3.427873,0.600428,3.709384,1.362950,2.990469,4.219469,5.338107,2.470030,4.406172,4.762043,4.986108,4.444612,5.288940,4.295003,5.048494,4.675038,5.200014,5.496917,5.376360,5.057703,4.329121,1.309980,2.945326,3.698933,4.386037,2.300619,4.465621,1.391753,2.430368,0.901322
Acanthurus_leucocheilus,4.611614,3.943745,1.129082,2.157963,3.806025,1.221365,5.523445,0.000000,5.090265,5.734793,3.418874,2.453108,3.529337,2.173703,3.544186,4.109325,1.781863,5.223256,3.447232,2.229082,2.135595,5.030031,2.658435,4.352833,2.619394,1.940213,1.313075,3.827213,1.516577,0.834802,1.760154,1.657999,0.830764,2.654118,1.541818,2.580830,1.696392,1.661046,0.968706,0.585091,1.424944,4.438890,4.364077,3.235407,2.182256,3.361534,1.428309,4.216980,3.862722,4.716280
Acanthurus_leucosternon,0.794097,1.696940,5.014333,3.261873,1.647358,4.177452,2.154876,5.090265,0.000000,2.436252,3.092393,2.997447,1.777569,3.746831,1.744002,3.089325,3.875478,1.947701,3.002635,4.659015,3.104999,2.275225,2.806424,2.611943,3.231833,4.502808,4.580767,1.523612,3.786442,4.461434,5.153097,4.567511,4.670651,4.552620,4.137713,3.536949,4.268131,4.528748,4.711167,4.653506,3.767266,1.424001,1.570249,2.266868,4.648923,2.035766,3.809097,1.745210,2.524234,2.193654
Acanthurus_lineatus,3.072883,1.985462,5.905570,3.616222,2.280939,4.729406,0.346578,5.734793,2.436252,0.000000,2.507012,3.498937,3.574851,4.062778,2.676310,2.201111,4.503897,0.612228,2.609440,4.839454,3.661092,0.713841,3.927063,1.473242,3.176770,4.360692,5.556418,2.706621,4.618629,4.958379,5.171210,4.626399,5.527962,4.510717,5.283346,4.893443,5.445633,5.724292,5.627058,5.277252,4.581546,1.614018,3.150877,3.979203,4.579158,2.536101,4.724987,1.625828,2.528196,1.139234
Acanthurus_mata,3.176858,1.404349,3.719894,1.394939,1.576214,2.416197,2.352650,3.418874,3.092393,2.507012,0.000000,1.713563,2.780098,1.909864,1.755151,1.001070,2.577155,2.127206,0.640218,2.549391,1.594144,1.815136,2.558587,1.097130,0.821014,1.906410,3.516863,2.216098,2.642351,2.679441,2.691543,2.133935,3.304311,2.304051,3.389443,3.493878,3.640925,3.858671,3.423486,2.998705,2.461660,1.805172,3.058830,2.957156,2.200363,1.413815,2.649557,1.479125,1.870972,1.513214
Acanthurus_monroviae,2.678107,1.842529,2.552427,0.935940,1.844094,1.824580,3.309059,2.453108,2.997447,3.498937,1.713563,0.000000,1.968131,1.958693,1.461213,2.568688,1.030759,2.992495,1.983774,2.807429,0.826987,2.816988,0.958354,2.279257,1.104680,1.774397,2.118617,1.562963,1.153854,1.696351,2.740551,2.027126,2.297802,2.875155,1.906113,1.816760,2.334919,2.314623,2.483639,2.123834,1.599861,2.296218,2.208165,1.831427,2.551232,1.145414,1.732435,1.945014,1.443045,2.639022
Acanthurus_nigricans,1.148948,1.784358,3.370127,2.155975,1.524967,2.750816,3.273940,3.529337,1.777569,3.574851,2.780098,1.968131,0.000000,2.652932,1.192919,3.115400,2.572866,2.971580,2.655446,3.511016,1.895206,3.081721,1.513326,2.941636,2.454470,3.466755,2.956019,1.226997,2.300811,3.045700,3.945845,3.387588,3.032746,3.597483,2.470868,2.076483,2.664897,2.866595,3.051302,3.147379,2.241097,2.030258,1.535692,0.633448,3.607680,1.580617,2.221730,2.120493,2.428154,2.804176
Acanthurus_nigricauda,3.537082,2.377637,2.778103,1.183742,2.210428,1.148448,3.823789,2.173703,3.746831,4.062778,1.909864,1.958693,2.652932,0.000000,2.378829,2.197826,2.297997,3.562025,1.625696,1.166366,1.246959,3.408857,2.503334,2.745053,1.381148,1.794639,2.729745,2.880659,2.051321,1.699932,1.640504,1.472553,2.116278,1.141453,2.557870,3.087666,2.356506,2.984082,2.096451,1.628730,1.241955,2.805750,3.671288,2.769616,1.055640,2.088288,1.415428,2.742825,3.065118,2.988632
Acanthurus_nigrofuscus,1.553198,0.843890,3.466653,1.606121,0.782935,2.589991,2.402995,3.544186,1.744002,2.676310,1.755151,1.461213,1.192919,2.378829,0.000000,2.182332,2.395189,2.096502,1.757967,3.201945,1.481712,2.091769,1.595053,1.904414,1.649664,2.832840,3.100942,0.771814,2.284325,2.898396,3.540395,2.888363,3.130994,3.177865,2.768555,2.516160,3.157193,3.239652,3.218052,3.148055,2.260871,1.287300,1.565526,1.420724,3.159895,0.811615,2.336082,1.157494,1.606259,1.808545
Acanthurus_nubilus,3.350954,1.540635,4.477172,2.132481,1.670852,3.006557,2.027033,4.109325,3.089325,2.201111,1.001070,2.568688,3.115400,2.197826,2.182332,0.000000,3.461975,1.890637,0.704273,2.753781,2.293068,1.656262,3.297520,1.133005,1.662604,2.713957,4.319191,2.693815,3.449263,3.427580,3.160938,2.789631,3.967563,2.359266,4.138422,4.242053,4.217049,4.623899,4.023659,3.629554,3.043216,1.733253,3.528742,3.452981,2.501025,1.919801,3.218074,1.677234,2.585164,1.217828
Acanthurus_olivaceus,3.427218,2.858069,1.863485,1.501685,2.818408,1.722579,4.327034,1.781863,3.875478,4.503897,2.577155,1.030759,2.572866,2.297997,2.395189,3.461975,0.000000,4.010512,2.837925,2.966001,1.395612,3.823897,1.205368,3.248716,1.840504,1.767232,1.353125,2.417226,0.579926,1.150348,2.640907,2.004115,1.793671,3.175723,1.280192,1.444152,1.848401,1.540378,2.042769,1.644963,1.555401,3.303231,2.860261,2.241441,2.712278,2.136876,1.636636,2.966000,2.251336,3.659435
Acanthurus_pyroferus,2.531238,1.393859,5.377403,3.105615,1.678976,4.211063,0.332490,5.223256,1.947701,0.612228,2.127206,2.992495,2.971580,3.562025,2.096502,1.890637,4.010512,0.000000,2.186273,4.383781,3.124115,0.449189,3.379916,1.158809,2.718423,3.966890,5.022175,2.153045,4.086382,4.461262,4.748472,4.191267,4.987701,4.091370,4.725412,4.345247,4.876543,5.170249,5.077463,4.758931,4.027683,1.004722,2.661769,3.388433,4.159762,1.973327,4.162532,1.065030,2.143516,0.720424
Acanthurus_tennentii,3.096940,1.344800,3.776835,1.444468,1.400897,2.328688,2.399205,3.447232,3.002635,2.609440,0.640218,1.983774,2.655446,1.625696,1.757967,0.704273,2.837925,2.186273,0.000000,2.238637,1.614030,1.963919,2.726342,1.343019,1.035253,2.153965,3.625776,2.341696,2.781303,2.777698,2.621358,2.179181,3.271563,1.944750,3.454645,3.638070,3.597776,3.946617,3.333981,2.978584,2.357103,1.740007,3.209321,2.915905,2.016720,1.521668,2.531931,1.608285,2.318447,1.509943
Acanthurus_triostegus,4.446636,3.251601,2.791123,1.907258,3.103236,1.341192,4.609981,2.229082,4.659015,4.839454,2.549391,2.807429,3.511016,1.166366,3.201945,2.753781,2.966001,4.383781,2.238637,0.000000,2.052769,4.194368,3.376355,3.531220,2.104734,1.965300,3.014150,3.814307,2.665429,2.092369,1.039874,1.341155,2.151670,0.571493,3.018708,3.849377,3.004354,3.425451,2.076175,1.874443,1.743049,3.720073,4.603761,3.549326,0.744017,3.080836,1.852560,3.643359,3.964593,3.724429
Acanthurus_xanthopterus,2.788914,1.816779,2.325099,0.309901,1.708573,1.186056,3.427873,2.135595,3.104999,3.661092,1.594144,0.826987,1.895206,1.246959,1.481712,2.293068,1.395612,3.124115,1.614030,2.052769,0.000000,2.967794,1.403632,2.383699,0.852270,1.588103,2.061463,1.900880,1.193149,1.465150,2.183062,1.550371,1.878453,2.153336,1.846189,2.142422,2.160808,2.334414,1.992458,1.714760,0.975752,2.336003,2.644620,1.844487,1.925647,1.310334,1.139223,2.117084,2.093388,2.637629
Ctenochaetus_binotatus,2.775519,1.388512,5.210265,2.912262,1.719798,4.033169,0.600428,5.030031,2.275225,0.713841,1.815136,2.816988,3.081721,3.408857,2.091769,1.656262,3.823897,0.449189,1.963919,4.194368,2.967794,0.000000,3.313679,0.803727,2.466234,3.656714,4.872949,2.197039,3.935266,4.253803,4.487219,3.923546,4.833449,3.892692,4.618797,4.297789,4.809850,5.065858,4.940141,4.580764,3.900250,1.151572,2.776450,3.445904,3.920622,1.896131,4.050041,1.013990,1.963183,0.580027
Ctenochaetus_cyanocheilus,2.276518,2.206860,2.532028,1.654838,2.120014,2.235577,3.709384,2.658435,2.806424,3.927063,2.558587,0.958354,1.513326,2.503334,1.595053,3.297520,1.205368,3.379916,2.726342,3.376355,1.403632,3.313679,0.000000,2.938413,1.987326,2.596119,1.957643,1.414815,1.166996,2.072812,3.395282,2.731890,2.375872,3.526719,1.563377,0.996055,2.029118,1.895311,2.532487,2.389887,1.805697,2.575393,1.739940,1.188613,3.254389,1.522121,1.834716,2.335596,1.805342,3.160027
Ctenochaetus_flavicauda,2.934832,1.214179,4.632345,2.284959,1.528127,3.382290,1.362950,4.352833,2.611943,1.473242,1.097130,2.279257,2.941636,2.745053,1.904414,1.133005,3.248716,1.158809,1.343019,3.531220,2.383699,0.803727,2.938413,0.000000,1.771900,2.917236,4.327604,2.120513,3.376212,3.568162,3.749716,3.206624,4.232132,3.224130,4.113530,3.924983,4.266420,4.559206,4.346626,3.901941,3.312760,1.245987,2.853683,3.249227,3.186178,1.507667,3.485118,0.943266,1.709710,0.754005
Ctenochaetus_hawaiiensis,3.113470,1.644089,2.932399,0.616949,1.681767,1.658591,2.990469,2.619394,3.231833,3.176770,0.821014,1.104680,2.454470,1.381148,1.649664,1.662604,1.840504,2.718423,1.035253,2.104734,0.852270,2.466234,1.987326,1.771900,0.000000,1.330387,2.723654,2.100679,1.855913,1.876148,2.150966,1.511006,2.512185,2.016266,2.606357,2.834886,2.882152,3.069242,2.645259,2.206496,1.694088,2.142475,2.926811,2.509610,1.771757,1.298604,1.889713,1.830627,1.890298,2.160738
Ctenochaetus_striatus,4.285217,2.966333,2.400813,1.345878,2.994123,1.458032,4.219469,1.940213,4.502808,4.360692,1.906410,1.774397,3.466755,1.794639,2.832840,2.713957,1.767232,3.966890,2.153965,1.965300,1.588103,3.656714,2.596119,2.917236,1.330387,0.000000,2.383007,3.214955,1.861064,1.353444,1.356069,0.717914,2.115955,2.051588,2.539982,3.131246,2.932331,2.896667,2.314190,1.751215,1.834901,3.465207,3.938694,3.333562,1.490905,2.530231,2.019294,3.109436,2.787701,3.399847
Ctenochaetus_strigosus,3.993389,3.724839,0.676449,2.188023,3.597653,1.717817,5.338107,1.313075,4.580767,5.556418,3.516863,2.118617,2.956019,2.729745,3.100942,4.319191,1.353125,5.022175,3.625776,3.014150,2.061463,4.872949,1.957643,4.327604,2.723654,2.383007,0.000000,3.249995,1.016797,1.398996,2.710813,2.260966,0.995909,3.425928,0.579871,1.635777,1.702178,0.710990,1.239635,1.517225,1.561798,4.220275,3.589833,2.477194,3.036334,3.112553,1.479700,3.966743,3.428104,4.610468
Ctenochaetus_tominiensis,1.257703,1.222963,3.730988,2.070173,1.235510,3.044622,2.470030,3.827213,1.523612,2.706621,2.216098,1.562963,1.226997,2.880659,0.771814,2.693815,2.417226,2.153045,2.341696,3.814307,1.900880,2.197039,1.414815,2.120513,2.100679,3.214955,3.249995,0.000000,2.413299,3.152642,4.058928,3.377594,3.474404,3.796670,2.871726,2.291440,3.212629,3.264882,3.587408,3.454624,2.658570,1.418908,0.871509,1.398705,3.701369,0.958524,2.722818,1.249393,1.298479,2.101027
Ctenochaetus_truncatus,3.283356,2.817347,1.504084,1.358739,2.711440,1.353784,4.406172,1.516577,3.786442,4.618629,2.642351,1.153854,2.300811,2.051321,2.284325,3.449263,0.579926,4.086382,2.781303,2.665429,1.193149,3.935266,1.166996,3.376212,1.855913,1.861064,1.016797,2.413299,0.000000,1.007542,2.473443,1.882789,1.330781,2.939742,0.829415,1.330046,1.512202,1.228151,1.549128,1.344084,1.079245,3.291473,2.878812,1.946747,2.548488,2.150213,1.114271,3.026854,2.528765,3.695912
Naso_annulatus,4.048429,3.234396,1.521583,1.471690,3.135526,0.938431,4.762043,0.834802,4.461434,4.958379,2.679441,1.696351,3.045700,1.699932,2.898396,3.427580,1.150348,4.461262,2.777698,2.092369,1.465150,4.253803,2.072812,3.568162,1.876148,1.353444,1.398996,3.152642,1.007542,0.000000,1.666326,1.279877,1.158546,2.384351,1.475776,2.246803,1.653519,1.740983,1.356668,0.593609,1.092325,3.716775,3.744138,2.810282,1.861643,2.617766,1.205188,3.458414,3.074674,3.976874
Naso_brachycentron,4.904395,3.650510,2.442840,1.989733,3.571852,1.321060,4.986108,1.760154,5.153097,5.171210,2.691543,2.740551,3.945845,1.640504,3.540395,3.160938,2.640907,4.748472,2.621358,1.039874,2.183062,4.487219,3.395282,3.749716,2.150966,1.356069,2.710813,4.058928,2.473443,1.666326,0.000000,0.800169,1.965783,1.317190,2.882399,3.782977,3.011227,3.214518,2.006415,1.586716,1.889617,4.149339,4.818322,3.859796,0.820855,3.326003,2.022192,3.940506,3.934675,4.104430
Naso_brevirostris,4.308521,3.069770,2.130442,1.330337,3.023987,0.980676,4.444612,1.657999,4.567511,4.626399,2.133935,2.027126,3.387588,1.472553,2.888363,2.789631,2.004115,4.191267,2.179181,1.341155,1.550371,3.923546,2.731890,3.206624,1.511006,0.717914,2.260966,3.377594,1.882789,1.279877,0.800169,0.000000,1.716455,1.566021,2.412897,3.202619,2.768032,2.801368,1.848187,1.446296,1.489893,3.595793,4.120135,3.263404,1.063841,2.700975,1.651903,3.326659,3.209228,3.574776
Naso_caesius,4.149445,3.641899,0.728882,1.948716,3.472737,1.023891,5.288940,0.830764,4.670651,5.527962,3.304311,2.297802,3.032746,2.116278,3.130994,3.967563,1.793671,4.987701,3.271563,2.151670,1.878453,4.833449,2.375872,4.232132,2.512185,2.115955,0.995909,3.474404,1.330781,1.158546,1.965783,1.716455,0.000000,2.629879,1.154317,2.315074,1.703660,1.438130,0.312058,0.941091,1.054042,4.161130,3.982782,2.698390,2.311496,3.133083,0.958608,3.975208,3.725799,4.478862
Naso_fageni,4.433631,3.078618,3.269848,1.976604,2.957411,1.712485,4.295003,2.654118,4.552620,4.510717,2.304051,2.875155,3.597483,1.141453,3.177865,2.359266,3.175723,4.091370,1.944750,0.571493,2.153336,3.892692,3.526719,3.224130,2.016266,2.051588,3.425928,3.796670,2.939742,2.384351,1.317190,1.566021,2.629879,0.000000,3.393316,4.105458,3.305839,3.815560,2.575925,2.243170,2.065917,3.501939,4.626687,3.718505,0.676609,2.985884,2.207499,3.445552,3.881438,3.423406
Naso_hexacanthus,3.520913,3.406799,1.137184,2.043703,3.247343,1.706390,5.048494,1.541818,4.137713,5.283346,3.389443,1.906113,2.470868,2.557870,2.768555,4.138422,1.280192,4.725412,3.454645,3.018708,1.846189,4.618797,1.563377,4.113530,2.606357,2.539982,0.579871,2.871726,0.829415,1.475776,2.882399,2.412897,1.154317,3.393316,0.000000,1.198666,1.319024,0.533648,1.316477,1.553091,1.366382,3.869854,3.184212,2.002043,3.060575,2.785038,1.260352,3.665820,3.206538,4.354214
Naso_lituratus,2.881090,3.172042,2.288547,2.400342,3.045538,2.572399,4.675038,2.580830,3.536949,4.893443,3.493878,1.816760,2.076483,3.087666,2.516160,4.242053,1.444152,4.345247,3.638070,3.849377,2.142422,4.297789,0.996055,3.924983,2.834886,3.131246,1.635777,2.291440,1.330046,2.246803,3.782977,3.202619,2.315074,4.105458,1.198666,0.000000,1.716196,1.263849,2.463376,2.468884,2.121560,3.517751,2.340900,1.586454,3.789022,2.496452,2.068847,3.315136,2.692025,4.148732
Naso_maculatus,3.692362,3.589228,2.040171,2.380734,3.371377,1.933786,5.200014,1.696392,4.268131,5.445633,3.640925,2.334919,2.664897,2.356506,3.157193,4.217049,1.848401,4.876543,3.597776,3.004354,2.160808,4.809850,2.029118,4.266420,2.882152,2.932331,1.702178,3.212629,1.512202,1.653519,3.011227,2.768032,1.703660,3.305839,1.319024,1.716196,0.000000,1.332785,1.696111,1.473251,1.570173,3.954792,3.568694,2.430736,3.001597,2.944207,1.501386,3.863321,3.596281,4.536603
Naso_minor,3.881962,3.875602,1.249263,2.527977,3.718796,2.124230,5.496917,1.661046,4.528748,5.724292,3.858671,2.314623,2.866595,2.984082,3.239652,4.623899,1.540378,5.170249,3.946617,3.425451,2.334414,5.065858,1.895311,4.559206,3.069242,2.896667,0.710990,3.264882,1.228151,1.740983,3.214518,2.801368,1.438130,3.815560,0.533648,1.263849,1.332785,0.000000,1.585707,1.788207,1.826422,4.315996,3.490343,2.376356,3.447070,3.218760,1.718041,4.107209,3.555443,4.827821
Naso_tonganus,4.185824,3.715345,0.946441,2.072781,3.521122,1.076988,5.376360,0.968706,4.711167,5.627058,3.423486,2.483639,3.051302,2.096451,3.218052,4.023659,2.042769,5.077463,3.333981,2.076175,1.992458,4.940141,2.532487,4.346626,2.645259,2.314190,1.239635,3.587408,1.549128,1.356668,2.006415,1.848187,0.312058,2.575925,1.316477,2.463376,1.696111,1.585707,0.000000,1.016294,1.082725,4.226415,4.101179,2.747833,2.318303,3.238602,0.955505,4.079010,3.915129,4.561232
Naso_tuberosus,4.214640,3.480553,1.484289,1.748041,3.328374,0.839472,5.057703,0.585091,4.653506,5.277252,2.998705,2.123834,3.147379,1.628730,3.148055,3.629554,1.644963,4.758931,2.978584,1.874443,1.714760,4.580764,2.389887,3.901941,2.206496,1.751215,1.517225,3.454624,1.344084,0.593609,1.586716,1.446296,0.941091,2.243170,1.553091,2.468884,1.473251,1.788207,1.016294,0.000000,1.012357,3.957219,4.047843,2.938702,1.796684,2.914702,1.067761,3.770221,3.537042,4.252502
Naso_unicornis,3.325753,2.672623,1.668279,1.104988,2.481043,0.577792,4.329121,1.424944,3.767266,4.581546,2.461660,1.599861,2.241097,1.241955,2.260871,3.043216,1.555401,4.027683,2.357103,1.743049,0.975752,3.900250,1.805697,3.312760,1.694088,1.834901,1.561798,2.658570,1.079245,1.092325,1.889617,1.489893,1.054042,2.065917,1.366382,2.121560,1.570173,1.826422,1.082725,1.012357,0.000000,3.170733,3.284320,2.078300,1.835186,2.193953,0.219133,3.035388,2.999846,3.526780
Naso_vlamingii,1.795520,0.572574,4.585181,2.384828,0.744966,3.430768,1.309980,4.438890,1.424001,1.614018,1.805172,2.296218,2.030258,2.805750,1.287300,1.733253,3.303231,1.004722,1.740007,3.720073,2.336003,1.151572,2.575393,1.245987,2.142475,3.465207,4.220275,1.418908,3.291473,3.716775,4.149339,3.595793,4.161130,3.501939,3.869854,3.517751,3.954792,4.315996,4.226415,3.957219,3.170733,0.000000,2.073921,2.490358,3.568809,1.168428,3.286738,0.563220,1.842193,0.934939
Paracanthurus_hepatus,1.164839,2.023817,4.135826,2.844091,2.030417,3.723298,2.945326,4.364077,1.570249,3.150877,3.058830,2.208165,1.535692,3.671288,1.565526,3.528742,2.860261,2.661769,3.209321,4.603761,2.644620,2.776450,1.739940,2.853683,2.926811,3.938694,3.589833,0.871509,2.878812,3.744138,4.818322,4.120135,3.982782,4.626687,3.184212,2.340900,3.568694,3.490343,4.101179,4.047843,3.284320,2.073921,0.000000,1.578523,4.514341,1.801661,3.310532,1.964127,1.760145,2.787037
Prionurus_laticlavius,1.577844,2.167818,2.926082,2.120606,1.959305,2.602418,3.698933,3.235407,2.266868,3.979203,2.957156,1.831427,0.633448,2.769616,1.420724,3.452981,2.241441,3.388433,2.915905,3.549326,1.844487,3.445904,1.188613,3.249227,2.509610,3.333562,2.477194,1.398705,1.946747,2.810282,3.859796,3.263404,2.698390,3.718505,2.002043,1.586454,2.430736,2.376356,2.747833,2.938702,2.078300,2.490358,1.578523,0.000000,3.649858,1.819312,2.026832,2.460170,2.459320,3.193405
Prionurus_microlepidotus,4.483668,3.119209,2.903246,1.725754,3.031908,1.390658,4.386037,2.182256,4.648923,4.579158,2.200363,2.551232,3.607680,1.055640,3.159895,2.501025,2.712278,4.159762,2.016720,0.744017,1.925647,3.920622,3.254389,3.186178,1.771757,1.490905,3.036334,3.701369,2.548488,1.861643,0.820855,1.063841,2.311496,0.676609,3.060575,3.789022,3.001597,3.447070,2.318303,1.796684,1.835186,3.568809,4.514341,3.649858,0.000000,2.874621,2.005236,3.422716,3.628216,3.515105
Zebrasoma_desjardinii,1.937630,0.791350,3.514711,1.409213,0.818849,2.475079,2.300619,3.361534,2.035766,2.536101,1.413815,1.145414,1.580617,2.088288,0.811615,1.919801,2.136876,1.973327,1.521668,3.080836,1.310334,1.896131,1.522121,1.507667,1.298604,2.530231,3.112553,0.958524,2.150213,2.617766,3.326003,2.700975,3.133083,2.985884,2.785038,2.496452,2.944207,3.218760,3.238602,2.914702,2.193953,1.168428,1.801661,1.819312,2.874621,0.000000,2.321564,0.925197,1.252207,1.689620
Zebrasoma_flavescens,3.332964,2.792127,1.573478,1.289487,2.585302,0.711838,4.465621,1.428309,3.809097,4.724987,2.649557,1.732435,2.221730,1.415428,2.336082,3.218074,1.636636,4.162532,2.531931,1.852560,1.139223,4.050041,1.834716,3.485118,1.889713,2.019294,1.479700,2.722818,1.114271,1.205188,2.022192,1.651903,0.958608,2.207499,1.260352,2.068847,1.501386,1.718041,0.955505,1.067761,0.219133,3.286738,3.310532,2.026832,2.005236,2.321564,0.000000,3.167003,3.129887,3.672192
Zebrasoma_gemmatum,2.003985,0.546952,4.345259,2.135152,0.883787,3.257075,1.391753,4.216980,1.745210,1.625828,1.479125,1.945014,2.120493,2.742825,1.157494,1.677234,2.966000,1.065030,1.608285,3.643359,2.117084,1.013990,2.335596,0.943266,1.830627,3.109436,3.966743,1.249393,3.026854,3.458414,3.940506,3.326659,3.975208,3.445552,3.665820,3.315136,3.863321,4.107209,4.079010,3.770221,3.035388,0.563220,1.964127,2.460170,3.422716,0.925197,3.167003,0.000000,1.337208,0.909022
Zebrasoma_scopas,2.490591,1.657108,3.908706,2.125260,1.886746,3.209045,2.430368,3.862722,2.524234,2.528196,1.870972,1.443045,2.428154,3.065118,1.606259,2.585164,2.251336,2.143516,2.318447,3.964593,2.093388,1.963183,1.805342,1.709710,1.890298,2.787701,3.428104,1.298479,2.528765,3.074674,3.934675,3.209228,3.725799,3.881438,3.206538,2.692025,3.596281,3.555443,3.915129,3.537042,2.999846,1.842193,1.760145,2.459320,3.628216,1.252207,3.129887,1.337208,0.000000,2.084375
Zebrasoma_veliferum,2.636251,1.049443,4.899399,2.574987,1.341384,3.650251,0.901322,4.716280,2.193654,1.139234,1.513214,2.639022,2.804176,2.988632,1.808545,1.217828,3.659435,0.720424,1.509943,3.724429,2.637629,0.580027,3.160027,0.754005,2.160738,3.399847,4.610468,2.101027,3.695912,3.976874,4.104430,3.574776,4.478862,3.423406,4.354214,4.148732,4.536603,4.827821,4.561232,4.252502,3.526780,0.934939,2.787037,3.193405,3.515105,1.689620,3.672192,0.909022,2.084375,0.000000
