,Acanthurus_achilles,Acanthurus_bariene,Acanthurus_blochii,Acanthurus_chirurgus,Acanthurus_dussumieri,Acanthurus_guttatus,Acanthurus_japonicus,Acanthurus_leucocheilus,Acanthurus_leucosternon,Acanthurus_lineatus,Acanthurus_mata,Acanthurus_monroviae,Acanthurus_nigricans,Acanthurus_nigricauda,Acanthurus_nigrofuscus,Acanthurus_nubilus,Acanthurus_olivaceus,Acanthurus_pyroferus,Acanthurus_tennentii,Acanthurus_xanthopterus,Ctenochaetus_binotatus,Ctenochaetus_cyanocheilus,Ctenochaetus_flavicauda,Ctenochaetus_hawaiiensis,Ctenochaetus_striatus,Ctenochaetus_strigosus,Ctenochaetus_tominiensis,Ctenochaetus_truncatus,Naso_annulatus,Naso_brachycentron,Naso_brevirostris,Naso_caesius,Naso_fageni,Naso_hexacanthus,Naso_lituratus,Naso_minor,Naso_tonganus,Naso_unicornis,Naso_vlamingii,Paracanthurus_hepatus,Prionurus_laticlavius,Prionurus_microlepidotus,Zebrasoma_desjardinii,Zebrasoma_flavescens,Zebrasoma_gemmatum,Zebrasoma_scopas,Zebrasoma_veliferum
Acanthurus_achilles,0.000000,1.756450,4.885726,3.142100,1.839007,3.864402,2.609919,4.611560,0.715854,3.126319,3.164764,2.790984,1.214437,3.431176,1.715739,3.347831,3.338659,2.774391,3.074404,2.688106,2.805521,2.444342,3.062458,3.374983,4.096188,4.303995,0.962072,3.444119,3.977739,4.892224,4.462294,4.125697,4.582822,3.926329,2.740554,4.474245,4.054236,3.249095,1.556174,1.106844,1.630839,4.495959,1.900730,3.200858,2.015318,2.440163,2.515493
Acanthurus_bariene,1.756450,0.000000,4.141255,1.744329,0.372434,2.833656,1.955634,3.677562,1.743924,2.395458,1.482559,1.860291,1.399824,2.064193,0.687813,1.702384,2.576737,1.900461,1.352449,1.521284,1.760779,2.167996,1.598238,1.876670,2.669665,3.716387,1.147764,2.785483,2.712821,3.479627,3.053900,3.374985,3.018517,3.414248,2.709499,4.033438,3.246362,2.295340,0.776803,1.736353,1.904808,2.989887,0.802060,1.957746,0.805183,1.693347,1.311228
Acanthurus_blochii,4.885726,4.141255,0.000000,2.663776,4.324054,1.535300,6.020248,0.810941,5.385315,6.353786,3.914500,2.675492,3.691822,2.977910,3.722455,4.661155,2.285476,5.879774,3.815979,2.683118,5.609427,2.888406,4.942881,2.934427,2.541118,0.791344,4.368101,1.661623,2.133724,2.194815,2.147365,0.926185,3.608674,1.067007,2.639067,1.030122,1.010050,1.862200,4.821946,4.832509,3.349136,2.805627,3.757428,2.329222,4.620561,4.376422,5.266335
Acanthurus_chirurgus,3.142100,1.744329,2.663776,0.000000,1.899311,1.388133,3.443734,2.085870,3.362870,3.733188,1.287750,1.003116,2.158852,1.215877,1.544421,2.115697,1.478937,3.266081,1.270823,0.580483,2.981372,1.837377,2.300534,0.521348,1.037609,2.405788,2.392317,1.596858,1.056433,1.831383,1.380579,2.019261,2.137012,2.223418,2.272725,2.809537,1.898760,1.024438,2.444088,2.937544,2.248908,1.620791,1.483982,0.561793,2.106951,2.185567,2.659276
Acanthurus_dussumieri,1.839007,0.372434,4.324054,1.899311,0.000000,2.956357,1.778265,3.824424,1.736337,2.222666,1.489810,2.088769,1.565664,2.027924,1.031104,1.524486,2.760502,1.717371,1.319662,1.679048,1.609396,2.369259,1.458731,1.957300,2.805555,3.937816,1.323963,2.985055,2.812948,3.563111,3.157367,3.600052,2.958597,3.621529,2.916703,4.197348,3.436480,2.466348,0.587742,1.876594,2.145711,2.995923,0.891873,2.093023,0.763904,1.793369,1.123874
Acanthurus_guttatus,3.864402,2.833656,1.535300,1.388133,2.956357,0.000000,4.661738,1.054677,4.247301,4.999480,2.591976,1.811995,2.676243,1.449594,2.584024,3.186704,1.769200,4.510347,2.363594,1.422944,4.266766,2.260423,3.588476,1.655695,1.645768,1.573843,3.320833,1.321579,1.154107,1.426250,1.180133,1.189166,2.276481,1.420813,2.323296,1.805037,0.824348,0.680389,3.496045,3.885798,2.605409,1.573500,2.530690,0.921495,3.340035,3.375785,3.871006
Acanthurus_japonicus,2.609919,1.955634,6.020248,3.443734,1.778265,4.661738,0.000000,5.471096,2.014910,0.561500,2.473998,3.556051,3.061025,3.591497,2.487736,2.126998,4.213856,0.337946,2.569105,3.342800,0.699619,3.801370,1.542417,3.352829,4.126402,5.608092,2.317569,4.604101,4.296859,5.014009,4.631344,5.282128,4.170365,5.312748,4.403904,5.892900,5.160062,4.185959,1.395895,2.420815,3.618417,4.382322,2.370577,3.765384,1.452744,2.380602,0.872724
Acanthurus_leucocheilus,4.611560,3.677562,0.810941,2.085870,3.824424,1.054677,5.471096,0.000000,5.035299,5.767724,3.264115,2.209283,3.425252,2.380420,3.326892,4.034185,1.805942,5.304877,3.220399,2.166422,5.017671,2.562341,4.297629,2.259460,1.863722,1.118589,4.005225,1.349339,1.376606,1.579992,1.506181,1.070407,3.024398,1.207938,2.483080,1.285917,1.018005,1.461510,4.339594,4.481791,3.197155,2.143368,3.244301,1.804572,4.080197,3.834288,4.708910
Acanthurus_leucosternon,0.715854,1.743924,5.385315,3.362870,1.736337,4.247301,2.014910,5.035299,0.000000,2.527062,3.102416,3.113331,1.745950,3.597332,1.920426,3.133193,3.710910,2.228772,3.046091,2.975264,2.330117,2.896376,2.759980,3.514827,4.290822,4.834486,1.173002,3.909995,4.238668,5.133757,4.705631,4.618238,4.642573,4.466689,3.293793,5.023392,4.528803,3.651067,1.265027,1.200552,2.250493,4.651626,2.014646,3.494936,1.792514,2.401967,2.102148
Acanthurus_lineatus,3.126319,2.395458,6.353786,3.733188,2.222666,4.999480,0.561500,5.767724,2.527062,0.000000,2.639978,3.860990,3.554859,3.904278,2.903180,2.294453,4.493006,0.516285,2.831014,3.689228,0.759350,4.156605,1.601401,3.581876,4.308272,5.958295,2.768543,4.940212,4.529810,5.227560,4.860585,5.634743,4.376678,5.681667,4.784909,6.253712,5.524442,4.548290,1.897706,2.817139,4.087510,4.595079,2.742751,4.100021,1.797349,2.565247,1.211872
Acanthurus_mata,3.164764,1.482559,3.914500,1.287750,1.489810,2.591976,2.473998,3.264115,3.102416,2.639978,0.000000,1.806010,2.590000,1.718612,1.683446,1.161981,2.363365,2.222606,0.780512,1.530699,1.893572,2.545448,1.084487,1.008698,1.699453,3.662780,2.358469,2.749090,1.971130,2.619840,2.246124,3.298315,2.264881,3.471285,3.151551,4.020528,3.180213,2.277547,1.935928,2.809151,2.912981,2.117527,1.425717,1.746656,1.401291,1.759255,1.706054
Acanthurus_monroviae,2.790984,1.860291,2.675492,1.003116,2.088769,1.811995,3.556051,2.209283,3.113331,3.860990,1.806010,0.000000,1.848225,2.039967,1.370583,2.790609,0.785066,3.430587,2.032893,0.804745,3.134810,0.955542,2.609243,1.258050,1.530893,2.169662,1.977712,1.147553,1.457207,2.548220,2.111317,1.991125,3.124430,1.940518,1.458271,2.551529,2.049397,1.247667,2.486967,2.386730,1.718536,2.522870,1.339530,1.254150,2.107929,1.727987,2.926695
Acanthurus_nigricans,1.214437,1.399824,3.691822,2.158852,1.565664,2.676243,3.061025,3.425252,1.745950,3.554859,2.590000,1.848225,0.000000,2.463358,1.119464,2.967823,2.353044,3.100541,2.425404,1.642743,3.009681,1.557924,2.901029,2.474529,3.132896,3.152582,1.049146,2.320949,2.918802,3.802644,3.385525,2.956518,3.712111,2.766100,1.817786,3.323299,2.855766,2.068125,1.698228,1.598195,0.714934,3.491637,1.306896,2.103116,1.952407,2.250161,2.617402
Acanthurus_nigricauda,3.431176,2.064193,2.977910,1.215877,2.027924,1.449594,3.591497,2.380420,3.597332,3.904278,1.718612,2.039967,2.463358,0.000000,2.189753,1.911131,2.344319,3.416671,1.257789,1.287487,3.219065,2.587353,2.530245,1.208903,1.819381,2.951305,2.906386,2.287908,1.540810,1.839371,1.568076,2.546273,1.369986,2.714478,2.935334,3.106812,2.205153,1.460969,2.585859,3.520459,2.770991,1.177475,1.938854,0.991022,2.499741,2.937989,2.776101
Acanthurus_nigrofuscus,1.715739,0.687813,3.722455,1.544421,1.031104,2.584024,2.487736,3.326892,1.920426,2.903180,1.683446,1.370583,1.119464,2.189753,0.000000,2.231767,2.113025,2.442378,1.677394,1.252979,2.254776,1.638024,2.044385,1.804386,2.458731,3.212789,0.953561,2.299062,2.496916,3.356529,2.905351,2.912527,3.243637,2.922802,2.156472,3.587750,2.861123,1.959501,1.327199,1.545611,1.393988,3.035223,0.777994,1.760582,1.193889,1.557577,1.913108
Acanthurus_nubilus,3.347831,1.702384,4.661155,2.115697,1.524486,3.186704,2.126998,4.034185,3.133193,2.294453,1.161981,2.790609,2.967823,1.911131,2.231767,0.000000,3.377991,1.872584,0.873191,2.281286,1.708523,3.417498,1.111388,1.910637,2.638645,4.487800,2.786835,3.638060,2.826005,3.168952,2.872490,4.054906,2.085465,4.265238,3.990389,4.794410,3.833792,2.953350,1.882900,3.275158,3.470283,2.430230,2.019572,2.375970,1.693571,2.583713,1.324436
Acanthurus_olivaceus,3.338659,2.576737,2.285476,1.478937,2.760502,1.769200,4.213856,1.805942,3.710910,4.493006,2.363365,0.785066,2.353044,2.344319,2.113025,3.377991,0.000000,4.080595,2.625089,1.317690,3.771623,1.019862,3.194415,1.624275,1.622376,1.800444,2.579964,0.763641,1.334248,2.508069,2.144298,1.821373,3.417623,1.596026,1.288628,2.038170,1.940213,1.390004,3.143391,2.910224,2.119574,2.651295,1.944626,1.588986,2.765837,2.188494,3.607983
Acanthurus_pyroferus,2.774391,1.900461,5.879774,3.266081,1.717371,4.510347,0.337946,5.304877,2.228772,0.516285,2.222606,3.430587,3.100541,3.416671,2.442378,1.872584,4.080595,0.000000,2.355830,3.210669,0.410604,3.745709,1.243663,3.139054,3.896493,5.493795,2.381078,4.489703,4.092490,4.783503,4.410459,5.158528,3.938826,5.212851,4.367140,5.788880,5.034529,4.059804,1.432197,2.527317,3.647440,4.148178,2.287477,3.611119,1.353756,2.276575,0.703525
Acanthurus_tennentii,3.074404,1.352449,3.815979,1.270823,1.319662,2.363594,2.569105,3.220399,3.046091,2.831014,0.780512,2.032893,2.425404,1.257789,1.677394,0.873191,2.625089,2.355830,0.000000,1.472830,2.131574,2.727156,1.453178,1.168457,1.927353,3.624045,2.431477,2.811747,2.078401,2.496312,2.141853,3.184314,1.774382,3.411290,3.256936,3.968749,2.975262,2.098616,1.861673,2.996846,2.822232,1.860109,1.543127,1.520234,1.617749,2.305424,1.706266
Acanthurus_xanthopterus,2.688106,1.521284,2.683118,0.580483,1.679048,1.422944,3.342800,2.166422,2.975264,3.689228,1.530699,0.804745,1.642743,1.287487,1.252979,2.281286,1.317690,3.210669,1.472830,0.000000,2.959391,1.397185,2.384042,0.920816,1.521791,2.328915,1.993267,1.393334,1.321579,2.242305,1.809864,2.016594,2.476269,2.050508,1.833314,2.627648,1.884411,0.888045,2.183319,2.553512,1.750142,2.003200,1.135391,0.642982,1.954376,2.025544,2.615971
Ctenochaetus_binotatus,2.805521,1.760779,5.609427,2.981372,1.609396,4.266766,0.699619,5.017671,2.330117,0.759350,1.893572,3.134810,3.009681,3.219065,2.254776,1.708523,3.771623,0.410604,2.131574,2.959391,0.000000,3.501753,0.898302,2.828209,3.554112,5.226386,2.277115,4.215369,3.778016,4.492654,4.117042,4.899481,3.750639,4.961559,4.142091,5.537186,4.793768,3.820255,1.420671,2.438562,3.515269,3.891746,2.068918,3.365505,1.127971,1.962173,0.667802
Ctenochaetus_cyanocheilus,2.444342,2.167996,2.888406,1.837377,2.369259,2.260423,3.801370,2.562341,2.896376,4.156605,2.545448,0.955542,1.557924,2.587353,1.638024,3.417498,1.019862,3.745709,2.727156,1.397185,3.501753,0.000000,3.138787,2.078930,2.408348,2.265214,1.799369,1.247368,2.140084,3.286004,2.881935,2.285913,3.845025,1.929257,0.672738,2.420319,2.364607,1.685051,2.619044,2.080182,1.271461,3.254741,1.543224,1.901723,2.402040,1.895974,3.313474
Ctenochaetus_flavicauda,3.062458,1.598238,4.942881,2.300534,1.458731,3.588476,1.542417,4.297629,2.759980,1.601401,1.084487,2.609243,2.901029,2.530245,2.044385,1.111388,3.194415,1.243663,1.453178,2.384042,0.898302,3.138787,0.000000,2.053606,2.757713,4.637526,2.364111,3.647182,2.998239,3.666665,3.313332,4.298495,3.000463,4.402826,3.789813,4.946081,4.177507,3.221338,1.596613,2.668986,3.360233,3.068797,1.735723,2.715889,1.076641,1.759372,0.962282
Ctenochaetus_hawaiiensis,3.374983,1.876670,2.934427,0.521348,1.957300,1.655695,3.352829,2.259460,3.514827,3.581876,1.008698,1.258050,2.474529,1.208903,1.804386,1.910637,1.624275,3.139054,1.168457,0.920816,2.828209,2.078930,2.053606,0.000000,0.903086,2.744409,2.582658,1.895559,0.981456,1.792098,1.384245,2.400363,2.002900,2.574451,2.571206,3.075314,2.271339,1.431488,2.488385,3.089310,2.635188,1.471069,1.555696,0.944181,2.068171,2.109914,2.574370
Ctenochaetus_striatus,4.096188,2.669665,2.541118,1.037609,2.805555,1.645768,4.126402,1.863722,4.290822,4.308272,1.699453,1.530893,3.132896,1.819381,2.458731,2.638645,1.622376,3.896493,1.927353,1.521791,3.554112,2.408348,2.757713,0.903086,0.000000,2.444646,3.266778,1.848935,0.741387,1.334833,0.971104,2.123942,2.259453,2.423114,2.787174,2.890117,2.102257,1.610214,3.327079,3.723000,3.119828,1.485843,2.337698,1.331311,2.843154,2.644985,3.358905
Ctenochaetus_strigosus,4.303995,3.716387,0.791344,2.405788,3.937816,1.573843,5.608092,1.118589,4.834486,5.958295,3.662780,2.169662,3.152582,2.951305,3.212789,4.487800,1.800444,5.493795,3.624045,2.328915,5.226386,2.265214,4.637526,2.744409,2.444646,0.000000,3.787259,1.126681,2.084571,2.503902,2.311869,0.614755,3.791703,0.455994,1.961135,0.898299,0.954443,1.587523,4.388620,4.203437,2.717368,3.006867,3.312287,2.133901,4.185164,3.863579,4.907628
Ctenochaetus_tominiensis,0.962072,1.147764,4.368101,2.392317,1.323963,3.320833,2.317569,4.005225,1.173002,2.768543,2.358469,1.977712,1.049146,2.906386,0.953561,2.786835,2.579964,2.381078,2.431477,1.993267,2.277115,1.799369,2.364111,2.582658,3.266778,3.787259,0.000000,2.825418,3.224913,4.207348,3.762052,3.596657,4.047271,3.445845,2.272571,4.036915,3.565914,2.683312,1.196456,0.668007,1.405445,3.856270,1.111559,2.574583,1.293865,1.528942,2.059124
Ctenochaetus_truncatus,3.444119,2.785483,1.661623,1.596858,2.985055,1.321579,4.604101,1.349339,3.909995,4.940212,2.749090,1.147553,2.320949,2.287908,2.299062,3.638060,0.763641,4.489703,2.811747,1.393334,4.215369,1.247368,3.647182,1.895559,1.848935,1.126681,2.825418,0.000000,1.437299,2.368045,2.037037,1.158682,3.364968,0.854359,1.187359,1.408021,1.272991,0.989399,3.408008,3.233353,1.994703,2.602505,2.265888,1.450628,3.161093,2.788195,3.946144
Naso_annulatus,3.977739,2.712821,2.133724,1.056433,2.812948,1.154107,4.296859,1.376606,4.238668,4.529810,1.971130,1.457207,2.918802,1.540810,2.496916,2.826005,1.334248,4.092490,2.078401,1.321579,3.778016,2.140084,2.998239,0.981456,0.741387,2.084571,3.224913,1.437299,0.000000,1.262801,0.936245,1.840115,2.261342,1.989476,2.433645,2.338805,1.735201,1.233792,3.335903,3.704141,2.904844,1.382723,2.261558,1.091414,2.955508,2.757607,3.536954
Naso_brachycentron,4.892224,3.479627,2.194815,1.831383,3.563111,1.426250,5.014009,1.579992,5.133757,5.227560,2.619840,2.548220,3.802644,1.839371,3.356529,3.168952,2.508069,4.783503,2.496312,2.242305,4.492654,3.286004,3.666665,1.792098,1.334833,2.503902,4.207348,2.368045,1.262801,0.000000,0.460802,2.115656,1.759082,2.558326,3.492433,2.829529,1.911590,1.884765,4.139785,4.755080,3.809191,0.897817,3.248050,1.703151,3.819015,3.850297,4.174974
Naso_brevirostris,4.462294,3.053900,2.147365,1.380579,3.157367,1.180133,4.631344,1.506181,4.705631,4.860585,2.246124,2.111317,3.385525,1.568076,2.905351,2.872490,2.144298,4.410459,2.141853,1.809864,4.117042,2.881935,3.313332,1.384245,0.971104,2.311869,3.762052,2.037037,0.936245,0.460802,0.000000,1.893024,1.738942,2.323228,3.124900,2.696857,1.707177,1.513300,3.731111,4.307005,3.391238,0.867198,2.821223,1.288417,3.401349,3.428493,3.798070
Naso_caesius,4.125697,3.374985,0.926185,2.019261,3.600052,1.189166,5.282128,1.070407,4.618238,5.634743,3.298315,1.991125,2.956518,2.546273,2.912527,4.054906,1.821373,5.158528,3.184314,2.016594,4.899481,2.285913,4.298495,2.400363,2.123942,0.614755,3.596657,1.158682,1.840115,2.115656,1.893024,0.000000,3.304433,0.738179,2.115622,1.356556,0.483777,1.213775,4.086900,4.076106,2.595285,2.583379,3.071494,1.713372,3.895305,3.718189,4.539994
Naso_fageni,4.582822,3.018517,3.608674,2.137012,2.958597,2.276481,4.170365,3.024398,4.642573,4.376678,2.264881,3.124430,3.712111,1.369986,3.243637,2.085465,3.417623,3.938826,1.774382,2.476269,3.750639,3.845025,3.000463,2.002900,2.259453,3.791703,4.047271,3.364968,2.261342,1.759082,1.738942,3.304433,0.000000,3.683061,4.200065,4.039866,2.959661,2.520419,3.504548,4.657481,4.018218,0.970678,3.085850,2.036131,3.364121,3.907252,3.326115
Naso_hexacanthus,3.926329,3.414248,1.067007,2.223418,3.621529,1.420813,5.312748,1.207938,4.466689,5.681667,3.471285,1.940518,2.766100,2.714478,2.922802,4.265238,1.596026,5.212851,3.411290,2.050508,4.961559,1.929257,4.402826,2.574451,2.423114,0.455994,3.445845,0.854359,1.989476,2.558326,2.323228,0.738179,3.683061,0.000000,1.604009,0.805026,0.918753,1.335946,4.054247,3.869969,2.350781,2.933810,2.988510,1.920289,3.895000,3.608034,4.631617
Naso_lituratus,2.740554,2.709499,2.639067,2.272725,2.916703,2.323296,4.403904,2.483080,3.293793,4.784909,3.151551,1.458271,1.817786,2.935334,2.156472,3.990389,1.288628,4.367140,3.256936,1.833314,4.142091,0.672738,3.789813,2.571206,2.787174,1.961135,2.272571,1.187359,2.433645,3.492433,3.124900,2.115622,4.200065,1.604009,0.000000,2.020633,2.237116,1.814184,3.162412,2.522516,1.340955,3.565903,2.146253,2.203777,3.028089,2.550465,3.918138
Naso_minor,4.474245,4.033438,1.030122,2.809537,4.197348,1.805037,5.892900,1.285917,5.023392,6.253712,4.020528,2.551529,3.323299,3.106812,3.587750,4.794410,2.038170,5.788880,3.968749,2.627648,5.537186,2.420319,4.946081,3.075314,2.890117,0.898299,4.036915,1.408021,2.338805,2.829529,2.696857,1.356556,4.039866,0.805026,2.020633,0.000000,1.424732,1.926449,4.620990,4.434171,2.942544,3.245118,3.534433,2.477122,4.476474,4.136890,5.221690
Naso_tonganus,4.054236,3.246362,1.010050,1.898760,3.436480,0.824348,5.160062,1.018005,4.528803,5.524442,3.180213,2.049397,2.855766,2.205153,2.861123,3.833792,1.940213,5.034529,2.975262,1.884411,4.793768,2.364607,4.177507,2.271339,2.102257,0.954443,3.565914,1.272991,1.735201,1.911590,1.707177,0.483777,2.959661,0.918753,2.237116,1.424732,0.000000,1.005659,3.944319,4.094491,2.591457,2.286183,2.973736,1.487559,3.805959,3.751338,4.393584
Naso_unicornis,3.249095,2.295340,1.862200,1.024438,2.466348,0.680389,4.185959,1.461510,3.651067,4.548290,2.277547,1.247667,2.068125,1.460969,1.959501,2.953350,1.390004,4.059804,2.098616,0.888045,3.820255,1.685051,3.221338,1.431488,1.610214,1.587523,2.683312,0.989399,1.233792,1.884765,1.513300,1.213775,2.520419,1.335946,1.814184,1.926449,1.005659,0.000000,2.977071,3.240138,1.967227,1.910911,1.984442,0.603499,2.823133,2.838598,3.433326
Naso_vlamingii,1.556174,0.776803,4.821946,2.444088,0.587742,3.496045,1.395895,4.339594,1.265027,1.897706,1.935928,2.486967,1.698228,2.585859,1.327199,1.882900,3.143391,1.432197,1.861673,2.183319,1.420671,2.619044,1.596613,2.488385,3.327079,4.388620,1.196456,3.408008,3.335903,4.139785,3.731111,4.086900,3.504548,4.054247,3.162412,4.620990,3.944319,2.977071,0.000000,1.607902,2.309878,3.568662,1.205772,2.648371,0.760093,1.827801,1.024892
Paracanthurus_hepatus,1.106844,1.736353,4.832509,2.937544,1.876594,3.885798,2.420815,4.481791,1.200552,2.817139,2.809151,2.386730,1.598195,3.520459,1.545611,3.275158,2.910224,2.527317,2.996846,2.553512,2.438562,2.080182,2.668986,3.089310,3.723000,4.203437,0.668007,3.233353,3.704141,4.755080,4.307005,4.076106,4.657481,3.869969,2.522516,4.434171,4.094491,3.240138,1.607902,0.000000,1.809997,4.434629,1.631557,3.162722,1.632304,1.571159,2.380167
Prionurus_laticlavius,1.630839,1.904808,3.349136,2.248908,2.145711,2.605409,3.618417,3.197155,2.250493,4.087510,2.912981,1.718536,0.714934,2.770991,1.393988,3.470283,2.119574,3.647440,2.822232,1.750142,3.515269,1.271461,3.360233,2.635188,3.119828,2.717368,1.405445,1.994703,2.904844,3.809191,3.391238,2.595285,4.018218,2.350781,1.340955,2.942544,2.591457,1.967227,2.309878,1.809997,0.000000,3.664986,1.705617,2.173162,2.420894,2.434388,3.170547
Prionurus_microlepidotus,4.495959,2.989887,2.805627,1.620791,2.995923,1.573500,4.382322,2.143368,4.651626,4.595079,2.117527,2.522870,3.491637,1.177475,3.035223,2.430230,2.651295,4.148178,1.860109,2.003200,3.891746,3.254741,3.068797,1.471069,1.485843,3.006867,3.856270,2.602505,1.382723,0.897817,0.867198,2.583379,0.970678,2.933810,3.565903,3.245118,2.286183,1.910911,3.568662,4.434629,3.664986,0.000000,2.835446,1.510716,3.311441,3.558555,3.538683
Zebrasoma_desjardinii,1.900730,0.802060,3.757428,1.483982,0.891873,2.530690,2.370577,3.244301,2.014646,2.742751,1.425717,1.339530,1.306896,1.938854,0.777994,2.019572,1.944626,2.287477,1.543127,1.135391,2.068918,1.543224,1.735723,1.555696,2.337698,3.312287,1.111559,2.265888,2.261558,3.248050,2.821223,3.071494,3.085850,2.988510,2.146253,3.534433,2.973736,1.984442,1.205772,1.631557,1.705617,2.835446,0.000000,1.724949,0.970223,1.245325,1.804949
Zebrasoma_flavescens,3.200858,1.957746,2.329222,0.561793,2.093023,0.921495,3.765384,1.804572,3.494936,4.100021,1.746656,1.254150,2.103116,0.991022,1.760582,2.375970,1.588986,3.611119,1.520234,0.642982,3.365505,1.901723,2.715889,0.944181,1.331311,2.133901,2.574583,1.450628,1.091414,1.703151,1.288417,1.713372,2.036131,1.920289,2.203777,2.477122,1.487559,0.603499,2.648371,3.162722,2.173162,1.510716,1.724949,0.000000,2.453151,2.612157,2.970579
Zebrasoma_gemmatum,2.015318,0.805183,4.620561,2.106951,0.763904,3.340035,1.452744,4.080197,1.792514,1.797349,1.401291,2.107929,1.952407,2.499741,1.193889,1.693571,2.765837,1.353756,1.617749,1.954376,1.127971,2.402040,1.076641,2.068171,2.843154,4.185164,1.293865,3.161093,2.955508,3.819015,3.401349,3.895305,3.364121,3.895000,3.028089,4.476474,3.805959,2.823133,0.760093,1.632304,2.420894,3.311441,0.970223,2.453151,0.000000,1.211816,0.967105
Zebrasoma_scopas,2.440163,1.693347,4.376422,2.185567,1.793369,3.375785,2.380602,3.834288,2.401967,2.565247,1.759255,1.727987,2.250161,2.937989,1.557577,2.583713,2.188494,2.276575,2.305424,2.025544,1.962173,1.895974,1.759372,2.109914,2.644985,3.863579,1.528942,2.788195,2.757607,3.850297,3.428493,3.718189,3.907252,3.608034,2.550465,4.136890,3.751338,2.838598,1.827801,1.571159,2.434388,3.558555,1.245325,2.612157,1.211816,0.000000,2.098849
Zebrasoma_veliferum,2.515493,1.311228,5.266335,2.659276,1.123874,3.871006,0.872724,4.708910,2.102148,1.211872,1.706054,2.926695,2.617402,2.776101,1.913108,1.324436,3.607983,0.703525,1.706266,2.615971,0.667802,3.313474,0.962282,2.574370,3.358905,4.907628,2.059124,3.946144,3.536954,4.174974,3.798070,4.539994,3.326115,4.631617,3.918138,5.221690,4.393584,3.433326,1.024892,2.380167,3.170547,3.538683,1.804949,2.970579,0.967105,2.098849,0.000000
